Workbook

Sheet Cover
A1: AgriNova field survey | residue, waste and matching
A2: Kharif 2025 demonstration pack · Punjab and West Bengal · names are fictional · not a census
A4: Who this form is for
A5: Farmers | B5: 21 | C5: 11 Punjab + 10 West Bengal (2-9 acres)
A6: Buyers / plant staff | B6: 5 | C6: Supervisor, clerk, pad operator, purchase assistant — not MDs
A7: Government (field posts) | B7: 3 | C7: ADO, AAO, SI Grade II — not secretary / director
A9: How to use
A10: 1. Print or open Questions if you are interviewing in the field. Ask only the block for that role.
A11: 2. Enter new people on Farmers, Buyers or Government. Yellow cells are blank form rows. Dropdowns are locked to the instrument.
A12: 3. Do not add secretariat / director / MD ranks. Government sample is block and ULB grade only.
A13: 4. Findings updates automatically from filled name cells. Extra rows stay in this file; they are not a statewide estimate.
A14: 5. Sample rows F01-F21, B01-B05, G01-G03 are the pack the case studies rest on. Keep them; add new IDs from F22 / B06 / G04.
A16: Why the questions look like this
A17: Farmers: last-season fate, harvest window, whether they hold a plant phone, why they did not sell, and whether a 5-day pickup would make them list. Buyers: moisture they will actually lift, and whether 2-6 acre lots ever reach the gate without a broker. Officials: what sits in the register today, the block gap, and whether an aggregate desk without farmer phones would help the weekly note. This is a method sample for AgriNova findings (matching desk, SWM gap in Bengal, burn window in Punjab). It is not a government census.
A21: Officials in the sample (low rank, real posts)
A22: ID | B22: Name | C22: Post | D22: Office | E22: District | F22: State
A23: G01 | B23: Gurpreet Singh | C23: Agriculture Development Officer (ADO) / BAO | D23: Block Ghanaur | E23: Patiala | F23: Punjab
A24: G02 | B24: Mousumi Das | C24: Assistant Agricultural Officer | D24: Burdwan-I Block | E24: Burdwan | F24: West Bengal
A25: G03 | B25: Ranjit Halder | C25: Sanitary Inspector (ULB / SWM) | D25: Krishnanagar Municipality | E25: Nadia | F25: West Bengal
A27: Sheets in this workbook
A28: Questions — the instrument (farmer / buyer / government).
A29: Farmers / Buyers / Government — sample answers plus blank yellow rows to add more.
A30: Findings — counts and charts driven by formulas on the three response sheets.

Sheet Questions
A1: Survey instrument · one interview = one row on the matching sheet
A2: Read the prompt. Circle one option. Write the sentence last. First name is enough.
A4: # | B4: Role | C4: Question | D4: Options / note
A5: 1 | B5: All | C5: State | D5: Punjab | West Bengal — Fill Farmers, Buyers or Government — not this sheet.
A6: 2 | B6: All | C6: District / block | D6: Free text (Patiala, Sangrur, Burdwan, Hooghly, Nadia, Murshidabad…)
A7: 3 | B7: All | C7: Village / plant / office | D7: Free text
A8: 4 | B8: All | C8: Name | D8: First name is enough. Do not collect KCC / Aadhaar / phone.
A9: 5 | B9: Farmer | C9: Operated land (acres) | D9: Number — Typical pack: 1.5 to 9 acres.
A10: 6 | B10: Farmer | C10: What happened to most of last season's residue? | D10: Sold / gifted to a plant or neighbour · Stacked and left to rot or dump · Burned on a dry window · Mixed into household / municipal waste — Supports burn vs dump vs sell finding.
A11: 7 | B11: Farmer | C11: Days between harvest and next sowing | D11: Under 10 days · 10-15 days · 16-25 days · More than 25 days — Punjab window is tighter.
A12: 8 | B12: Farmer | C12: Do you have a plant / buyer phone you can call yourself? | D12: Yes · Only through a broker · No — Matching-desk gap.
A13: 9 | B13: Farmer | C13: If you did not sell, the main reason was | D13: No buyer phone in the village · Straw too wet to bale · Transport cost eats the gate price · Do not know compost / paper mill exists · I did sell — Pick 'I did sell' if they sold.
A14: 10 | B14: Farmer | C14: Would you list on a phone desk if pickup is guaranteed in 5 days? | D14: Yes · Maybe · No — Product test.
A15: 11 | B15: Farmer | C15: Preferred advice language | D15: Punjabi · Hindi · Bangla · English · Voice in my language, not a PDF — KisanSathi voice / Bangla.
A16: 12 | B16: Farmer | C16: One sentence in your words | D16: Free text
... A27: 23 | B27: Government | C27: One sentence from the block office | D27: Free text

Sheet Farmers
A1: Farmers · 21 sample interviews · add new rows in yellow
A2: Sample F01-F11 Punjab, F12-F21 West Bengal. New IDs from F22. Fill yellow rows. Dropdowns only.
A4: ID | B4: Name | C4: Village | D4: District | E4: State | F4: Acres | G4: Last season residue fate | H4: Harvest-to-sow window | I4: Own buyer phone? | J4: Why not sold | K4: List if 5-day pickup? | L4: Advice language | M4: One sentence
A5: F01 | B5: Jaswinder Singh | C5: Kharar | D5: Patiala | E5: Punjab | F5: 6 | G5: Burned on a dry window | H5: 10-15 days | I5: Only through a broker | J5: No buyer phone in the village | K5: Yes | L5: Punjabi | M5: 12 days for wheat. Last year I burned. If a trolley comes I will not light it.
A6: F02 | B6: Harpreet Kaur | C6: Nabha | D6: Patiala | E6: Punjab | F6: 4.5 | G6: Burned on a dry window | H6: Under 10 days | I6: No | J6: Transport cost eats the gate price | K6: Yes | L6: Punjabi | M6: Plant is 18 km. By the time the contractor quotes, sowing has started.
A7: F03 | B7: Balwinder Singh | C7: Ghanaur | D7: Patiala | E7: Punjab | F7: 8 | G7: Sold / gifted to a plant or neighbour | H7: 10-15 days | I7: Yes | J7: I did sell | K7: Yes | L7: Hindi | M7: Neighbour's baler, GreenPower paid Rs 740/t. I want the same slot on a phone, not WhatsApp.
A8: F04 | B8: Gurmeet Singh | C8: Rajpura rural | D8: Patiala | E8: Punjab | F8: 3 | G8: Burned on a dry window | H8: 10-15 days | I8: No | J8: No buyer phone in the village | K8: Maybe | L8: Punjabi | M8: Two acres is too small for the mill group. They skip us.
A9: F05 | B9: Manjeet Kaur | C9: Sunam | D9: Sangrur | E9: Punjab | F9: 4 | G9: Sold / gifted to a plant or neighbour | H9: 10-15 days | I9: Only through a broker | J9: I did sell | K9: Yes | L9: Punjabi | M9: Sold stubble once. Credits for urea would make me list again.
A10: F06 | B10: Jagdeep Singh | C10: Dhuri | D10: Sangrur | E10: Punjab | F10: 7 | G10: Burned on a dry window | H10: Under 10 days | I10: Only through a broker | J10: No buyer phone in the village | K10: Yes | L10: Hindi | M10: Happy Seeder is booked late. Burning is still the 2-hour option.
A11: F07 | B11: Kuldeep Singh | C11: Malerkotla | D11: Malerkotla | E11: Punjab | F11: 5 | G11: Stacked and left to rot or dump | H11: 10-15 days | I11: No | J11: Straw too wet to bale | K11: Maybe | L11: Punjabi | M11: Rain after harvest. Stack smelled. Nobody lifted it.
A12: F08 | B12: Nirmal Singh | C12: Barnala | D12: Barnala | E12: Punjab | F12: 9 | G12: Burned on a dry window | H12: 10-15 days | I12: Only through a broker | J12: Transport cost eats the gate price | K12: Yes | L12: Punjabi | M12: Broker took Rs 120/t. Net was not worth the wait.
A13: F09 | B13: Sukhchain Singh | C13: Tapa | D13: Barnala | E13: Punjab | F13: 2.5 | G13: Burned on a dry window | H13: Under 10 days | I13: No | J13: No buyer phone in the village | K13: Yes | L13: Hindi | M13: ADO told us not to burn. He did not give a buyer number.
A14: F10 | B14: Ravinder Kaur | C14: Bhawanigarh | D14: Sangrur | E14: Punjab | F14: 6 | G14: Stacked and left to rot or dump | H14: 16-25 days | I14: No | J14: Do not know compost / paper mill exists | K14: Yes | L14: Punjabi | M14: I thought only biomass plants take straw. Nobody said compost.
A15: F11 | B15: Amrik Singh | C15: Patran | D15: Patiala | E15: Punjab | F15: 5.5 | G15: Burned on a dry window | H15: 10-15 days | I15: Only through a broker | J15: No buyer phone in the village | K15: Yes | L15: Punjabi | M15: If match and pickup sit on one screen I will try once this kharif.
A16: F12 | B16: Ramesh Das | C16: Memari | D16: Burdwan | E16: West Bengal | F16: 3 | G16: Stacked and left to rot or dump | H16: 16-25 days | I16: No | J16: No buyer phone in the village | K16: Yes | L16: Bangla | M16: Straw sits by the canal. Nobody from the mill has ever come here.
... A25: F21 | B25: Arun Bhattacharya | C25: Katwa | D25: Burdwan | E25: West Bengal | F25: 5 | G25: Stacked and left to rot or dump | H25: 16-25 days | I25: No | J25: No buyer phone in the village | K25: Yes | L25: Voice in my language, not a PDF | M25: Give me Bangla voice, not a scheme PDF. I will list.

Sheet Buyers
A1: Buyers · plant-floor staff · not MDs
A2: Sample B01-B05. New IDs from B06. Yellow rows are blank form.
A4: ID | B4: Name | C4: Post (plant floor) | D4: Plant / gate | E4: District | F4: State | G4: Plant type | H4: Moisture you will lift | I4: 2-6 acre farms reach gate without broker? | J4: Moisture listing + pickup help? | K4: One sentence from the floor
A5: B01 | B5: Rakesh Kumar | C5: Shift supervisor | D5: GreenPower gate | E5: Rajpura | F5: Punjab | G5: Biomass | H5: 15% or less | I5: Rarely | J5: Only if baled | K5: We need 500 t this fortnight. Brokers bring 20-acre lots. 2-acre farms never call the cabin.
A6: B02 | B6: Pooja Rani | C6: Weighbridge clerk | D6: Punjab Paper Mills | E6: Patiala | F6: Punjab | G6: Paper | H6: 15% or less | I6: Almost never | J6: Yes | K6: If moisture is on the slip before the truck leaves the village we stop arguing at 6 am.
A7: B03 | B7: Harbhajan Lal | C7: Plant manager (unit) | D7: AgroFeed | E7: Sangrur | F7: Punjab | G7: Cattle feed | H7: 12% or less | I7: Rarely | J7: Yes | K7: We took Simran's 3.2 t. That should not be a one-off WhatsApp favour.
A8: B04 | B8: Sk. Rafiq | C8: Pad operator | D8: Delta Compost | E8: Nadia | F8: West Bengal | G8: Compost / SWM | H8: 18% or less | I8: Almost never | J8: Yes | K8: ULB pad is hungry. Villages dump mixed wet straw in the drain 9 km away. We cannot take mixed waste.
A9: B05 | B9: Mithun Dey | C9: Purchase assistant | D9: Bengal Paper Works | E9: Hooghly | F9: West Bengal | G9: Paper | H9: 18% or less | I9: Rarely | J9: Only if baled | K9: We will not be a dump. Spec first, then lift. A listing with moisture would let us send one trolley.

Sheet Government
A1: Government · ADO / AAO / SI Grade II · no secretariat
A2: Do not interview DC, director, or secretary. Sample G01-G03. New IDs from G04.
A4: ID | B4: Name | C4: Post (block / ULB only) | D4: Office | E4: District | F4: State | G4: What is in the register today | H4: Biggest gap in the block | I4: Aggregate desk (no farmer PII) help weekly note? | J4: One sentence from the office
A5: G01 | B5: Gurpreet Singh | C5: Agriculture Development Officer (ADO) / BAO | D5: Block Ghanaur | E5: Patiala | F5: Punjab | G5: Fires seen / complaints | H5: No utilised-vs-burned / dumped view | I5: Yes | J5: I file fire spots. I cannot tell the DAO how many tonnes left the block to a plant.
A6: G02 | B6: Mousumi Das | C6: Assistant Agricultural Officer | D6: Burdwan-I Block | E6: Burdwan | F6: West Bengal | G6: Almost nothing usable | H6: CRM machines exist but no matching desk | I6: If it stays at block level | J6: One shared baler, Excel of names. I will not put KCC numbers on a portal. Aggregates only.
A7: G03 | B7: Ranjit Halder | C7: Sanitary Inspector (ULB / SWM) | D7: Krishnanagar Municipality | E7: Nadia | F7: West Bengal | G7: Farmer names and FIRs | H7: Compost plant is hungry; villages dump in drains | I7: Yes | J7: SWM Rules ask me to process bio-waste. Farm straw never arrives as a lot. I only see mixed drain waste.

Sheet Findings
A1: Findings · live counts from the three response sheets
A2: Formulas count every filled name. Sample pack + any yellow-row additions. Method sample, not a census.
A4: Farmers filled | C4: Punjab farmers | E4: West Bengal farmers | G4: Would list (Yes) | I4: Buyers filled | K4: Officials filled
A5: =COUNTA(Farmers!B5:B54) -> 0 | C5: =COUNTIFS(Farmers!B5:B54,"<>",Farmers!E5:E54,"Punjab") -> 0 | E5: =COUNTIFS(Farmers!B5:B54,"<>",Farmers!E5:E54,"West Bengal") -> 0 | G5: =IF(COUNTA(Farmers!K5:K54)=0,"",COUNTIF(Farmers!K5:K54,"Yes")/COUNTA(Farmers!K5:K54)) -> 0 | I5: =COUNTA(Buyers!B5:B24) -> 0 | K5: =COUNTA(Government!B5:B22) -> 0
A6: name cells on Farmers | C6: state = Punjab | E6: state = West Bengal | G6: of those who answered pickup | I6: plant-floor staff | K6: ADO / AAO / SI only
A8: Last season residue fate (farmers) | E8: Fate by state (count)
A9: Answer | B9: Count | C9: Share | E9: Fate | F9: Punjab | G9: West Bengal
A10: Sold / gifted to a plant or neighbour | B10: =COUNTIF(Farmers!$G$5:$G$54,A10) -> 0 | C10: =IF($B$5=0,"",B10/$B$5) -> 0 | E10: Sold / gifted to a plant or neighbour | F10: =COUNTIFS(Farmers!$G$5:$G$54,E10,Farmers!$E$5:$E$54,"Punjab") -> 0 | G10: =COUNTIFS(Farmers!$G$5:$G$54,E10,Farmers!$E$5:$E$54,"West Bengal") -> 0
A11: Stacked and left to rot or dump | B11: =COUNTIF(Farmers!$G$5:$G$54,A11) -> 0 | C11: =IF($B$5=0,"",B11/$B$5) -> 0 | E11: Stacked and left to rot or dump | F11: =COUNTIFS(Farmers!$G$5:$G$54,E11,Farmers!$E$5:$E$54,"Punjab") -> 0 | G11: =COUNTIFS(Farmers!$G$5:$G$54,E11,Farmers!$E$5:$E$54,"West Bengal") -> 0
A12: Burned on a dry window | B12: =COUNTIF(Farmers!$G$5:$G$54,A12) -> 0 | C12: =IF($B$5=0,"",B12/$B$5) -> 0 | E12: Burned on a dry window | F12: =COUNTIFS(Farmers!$G$5:$G$54,E12,Farmers!$E$5:$E$54,"Punjab") -> 0 | G12: =COUNTIFS(Farmers!$G$5:$G$54,E12,Farmers!$E$5:$E$54,"West Bengal") -> 0
A13: Mixed into household / municipal waste | B13: =COUNTIF(Farmers!$G$5:$G$54,A13) -> 0 | C13: =IF($B$5=0,"",B13/$B$5) -> 0 | E13: Mixed into household / municipal waste | F13: =COUNTIFS(Farmers!$G$5:$G$54,E13,Farmers!$E$5:$E$54,"Punjab") -> 0 | G13: =COUNTIFS(Farmers!$G$5:$G$54,E13,Farmers!$E$5:$E$54,"West Bengal") -> 0
A15: Why they did not sell | E15: Buyers — smallholders at the gate
A16: Answer | B16: Count | C16: Share | E16: Answer | F16: Count | G16: Share
A17: No buyer phone in the village | B17: =COUNTIF(Farmers!$J$5:$J$54,A17) -> 0 | C17: =IF($B$5=0,"",B17/$B$5) -> 0 | E17: Often | F17: =COUNTIF(Buyers!$I$5:$I$24,E17) -> 0 | G17: =IF($I$5=0,"",F17/$I$5) -> 0
A18: Straw too wet to bale | B18: =COUNTIF(Farmers!$J$5:$J$54,A18) -> 0 | C18: =IF($B$5=0,"",B18/$B$5) -> 0 | E18: Rarely | F18: =COUNTIF(Buyers!$I$5:$I$24,E18) -> 0 | G18: =IF($I$5=0,"",F18/$I$5) -> 0
A19: Transport cost eats the gate price | B19: =COUNTIF(Farmers!$J$5:$J$54,A19) -> 0 | C19: =IF($B$5=0,"",B19/$B$5) -> 0 | E19: Almost never | F19: =COUNTIF(Buyers!$I$5:$I$24,E19) -> 0 | G19: =IF($I$5=0,"",F19/$I$5) -> 0
A20: Do not know compost / paper mill exists | B20: =COUNTIF(Farmers!$J$5:$J$54,A20) -> 0 | C20: =IF($B$5=0,"",B20/$B$5) -> 0
A21: I did sell | B21: =COUNTIF(Farmers!$J$5:$J$54,A21) -> 0 | C21: =IF($B$5=0,"",B21/$B$5) -> 0 | E21: Officials — biggest gap
E22: Answer | F22: Count | G22: Share
A23: Own buyer phone? | E23: No utilised-vs-burned / dumped view | F23: =COUNTIF(Government!$H$5:$H$22,E23) -> 0 | G23: =IF($K$5=0,"",F23/$K$5) -> 0
A24: Answer | B24: Count | C24: Share | E24: CRM machines exist but no matching desk | F24: =COUNTIF(Government!$H$5:$H$22,E24) -> 0 | G24: =IF($K$5=0,"",F24/$K$5) -> 0
A25: Yes | B25: =COUNTIF(Farmers!$I$5:$I$54,A25) -> 0 | C25: =IF($B$5=0,"",B25/$B$5) -> 0 | E25: Compost plant is hungry; villages dump in drains | F25: =COUNTIF(Government!$H$5:$H$22,E25) -> 0 | G25: =IF($K$5=0,"",F25/$K$5) -> 0
A26: Only through a broker | B26: =COUNTIF(Farmers!$I$5:$I$54,A26) -> 0 | C26: =IF($B$5=0,"",B26/$B$5) -> 0 | E26: Cannot share farmer phones upward | F26: =COUNTIF(Government!$H$5:$H$22,E26) -> 0 | G26: =IF($K$5=0,"",F26/$K$5) -> 0
A27: No | B27: =COUNTIF(Farmers!$I$5:$I$54,A27) -> 0 | C27: =IF($B$5=0,"",B27/$B$5) -> 0
A29: Read: Punjab burns more; Bengal dumps or mixes more. Most farmers have no plant phone they can call themselves. Plant staff say 2-6 acre lots almost never reach the gate without a broker. The three officials are field grade — they log fires or FIRs, not tonnes utilised.

Sheet Lists
A1: state | B1: fate | C1: window | D1: phone | E1: barrier | F1: pickup | G1: lang | H1: plant | I1: moisture | J1: small | K1: listing | L1: rank | M1: track | N1: gap | O1: desk
A2: Punjab | B2: Sold / gifted to a plant or neighbour | C2: Under 10 days | D2: Yes | E2: No buyer phone in the village | F2: Yes | G2: Punjabi | H2: Biomass | I2: 12% or less | J2: Often | K2: Yes | L2: Agriculture Development Officer (ADO) / BAO | M2: Farmer names and FIRs | N2: No utilised-vs-burned / dumped view | O2: Yes
A3: West Bengal | B3: Stacked and left to rot or dump | C3: 10-15 days | D3: Only through a broker | E3: Straw too wet to bale | F3: Maybe | G3: Hindi | H3: Paper | I3: 15% or less | J3: Rarely | K3: Only if baled | L3: Assistant Agricultural Officer | M3: Fires seen / complaints | N3: CRM machines exist but no matching desk | O3: If it stays at block level
B4: Burned on a dry window | C4: 16-25 days | D4: No | E4: Transport cost eats the gate price | F4: No | G4: Bangla | H4: Compost / SWM | I4: 18% or less | J4: Almost never | K4: No | L4: Agriculture Sub-Inspector | M4: Tonnes lifted to a plant | N4: Compost plant is hungry; villages dump in drains | O4: No
B5: Mixed into household / municipal waste | C5: More than 25 days | E5: Do not know compost / paper mill exists | G5: English | H5: Cattle feed | I5: We take mixed wet waste | L5: Sanitary Inspector (ULB / SWM) | M5: Almost nothing usable | N5: Cannot share farmer phones upward
E6: I did sell | G6: Voice in my language, not a PDF | H6: Biogas
